{
  "classification_report": {
    "0": {
      "precision": 0.83025166923472,
      "recall": 0.8166203586764335,
      "f1-score": 0.8233796001528079,
      "support": 3959.0
    },
    "1": {
      "precision": 0.8625393494228751,
      "recall": 0.8461764705882353,
      "f1-score": 0.8542795635067923,
      "support": 6800.0
    },
    "2": {
      "precision": 0.7507246376811594,
      "recall": 0.8338699291693497,
      "f1-score": 0.7901159243441123,
      "support": 1553.0
    },
    "3": {
      "precision": 0.6996268656716418,
      "recall": 0.7142857142857143,
      "f1-score": 0.706880301602262,
      "support": 1050.0
    },
    "accuracy": 0.8256249064511301,
    "macro avg": {
      "precision": 0.7857856305025991,
      "recall": 0.8027381181799331,
      "f1-score": 0.7936638474014936,
      "support": 13362.0
    },
    "weighted avg": {
      "precision": 0.8271753858591433,
      "recall": 0.8256249064511301,
      "f1-score": 0.8260840604729783,
      "support": 13362.0
    }
  },
  "confusion_matrix": [
    [
      3233,
      553,
      76,
      97
    ],
    [
      527,
      5754,
      319,
      200
    ],
    [
      59,
      174,
      1295,
      25
    ],
    [
      75,
      190,
      35,
      750
    ]
  ],
  "best_model": "XGBoost",
  "categories": [
    "Credit Reporting & Disputes",
    "Customer Service & Communication",
    "Mortgages & Loan Servicing",
    "Account Management & Fees"
  ],
  "all_models_f1": {
    "Random Forest": 0.8013094137400067,
    "Logistic Regression": 0.7985075485055415,
    "XGBoost": 0.8260840604729783
  }
}